case_id,url
CJ071R,https://www.marmosetbrain.org/section/21732
CJ100,https://www.marmosetbrain.org/section/10891
CJ102X,https://www.marmosetbrain.org/section/12256
CJ108,https://www.marmosetbrain.org/section/1119
CJ110,https://www.marmosetbrain.org/section/3140
CJ111,https://www.marmosetbrain.org/section/3313
CJ112,https://www.marmosetbrain.org/section/3563
CJ113,https://www.marmosetbrain.org/section/3710
CJ114,https://www.marmosetbrain.org/section/9369
CJ115,https://www.marmosetbrain.org/section/9503
CJ116,https://www.marmosetbrain.org/section/9810
CJ122,https://www.marmosetbrain.org/section/7145
CJ123,https://www.marmosetbrain.org/section/8761
CJ125X,https://www.marmosetbrain.org/section/12401
CJ146,https://www.marmosetbrain.org/section/9947
CJ146L,https://www.marmosetbrain.org/section/10257
CJ148R,https://www.marmosetbrain.org/section/11934
CJ153X,https://www.marmosetbrain.org/section/12103
CJ163,https://www.marmosetbrain.org/section/13086
CJ164,https://www.marmosetbrain.org/section/5506
CJ167,https://www.marmosetbrain.org/section/6374
CJ170,https://www.marmosetbrain.org/section/7535
CJ173,https://www.marmosetbrain.org/section/8442
CJ174,https://www.marmosetbrain.org/section/7689
CJ1741,https://www.marmosetbrain.org/section/17622
CJ178,https://www.marmosetbrain.org/section/10380
CJ180,https://www.marmosetbrain.org/section/9192
CJ181,https://www.marmosetbrain.org/section/9643
CJ182,https://www.marmosetbrain.org/section/11001
CJ183,https://www.marmosetbrain.org/section/13693
CJ185,https://www.marmosetbrain.org/section/13400
CJ187,https://www.marmosetbrain.org/section/13546
CJ189,https://www.marmosetbrain.org/section/13245
CJ189MR,https://www.marmosetbrain.org/section/18532
CJ189NM,https://www.marmosetbrain.org/section/17925
CJ19,https://www.marmosetbrain.org/section/5997
CJ192,https://www.marmosetbrain.org/section/14153
CJ195,https://www.marmosetbrain.org/section/14785
CJ200L,https://www.marmosetbrain.org/section/17768
CJ200R,https://www.marmosetbrain.org/section/14471
CJ203,https://www.marmosetbrain.org/section/14942
CJ203NM,https://www.marmosetbrain.org/section/18073
CJ204R,https://www.marmosetbrain.org/section/15252
CJ205,https://www.marmosetbrain.org/section/13841
CJ205CB,https://www.marmosetbrain.org/section/15095
CJ206,https://www.marmosetbrain.org/section/17469
CJ207,https://www.marmosetbrain.org/section/19313
CJ209,https://www.marmosetbrain.org/section/20375
CJ21,https://www.marmosetbrain.org/section/7460
CJ210,https://www.marmosetbrain.org/section/20548
CJ213,https://www.marmosetbrain.org/section/16333
CJ214,https://www.marmosetbrain.org/section/21565
CJ215,https://www.marmosetbrain.org/section/18227
CJ215MR,https://www.marmosetbrain.org/section/19151
CJ227,https://www.marmosetbrain.org/section/21427
CJ36,https://www.marmosetbrain.org/section/5937
CJ50,https://www.marmosetbrain.org/section/4742
CJ51,https://www.marmosetbrain.org/section/4600
CJ52X,https://www.marmosetbrain.org/section/12640
CJ55,https://www.marmosetbrain.org/section/7308
CJ56,https://www.marmosetbrain.org/section/4893
CJ56NM,https://www.marmosetbrain.org/section/20245
CJ64,https://www.marmosetbrain.org/section/8971
CJ70X,https://www.marmosetbrain.org/section/13029
CJ71R,https://www.marmosetbrain.org/section/12590
CJ73X,https://www.marmosetbrain.org/section/12960
CJ74,https://www.marmosetbrain.org/section/502
CJ75X,https://www.marmosetbrain.org/section/12738
CJ76,https://www.marmosetbrain.org/section/6673
CJ77,https://www.marmosetbrain.org/section/10539
CJ78,https://www.marmosetbrain.org/section/4467
CJ80,https://www.marmosetbrain.org/section/11311
CJ800,https://www.marmosetbrain.org/section/10072
CJ801,https://www.marmosetbrain.org/section/11154
CJ802,https://www.marmosetbrain.org/section/11466
CJ81,https://www.marmosetbrain.org/section/6069
CJ82,https://www.marmosetbrain.org/section/6532
CJ83,https://www.marmosetbrain.org/section/809
CJ84,https://www.marmosetbrain.org/section/5670
CJ90,https://www.marmosetbrain.org/section/8616
CJ94,https://www.marmosetbrain.org/section/969
NM10,https://www.marmosetbrain.org/section/15568
W2B,https://www.marmosetbrain.org/section/21898
W6AL,https://www.marmosetbrain.org/section/15666
W6BL,https://www.marmosetbrain.org/section/15427
W6DL,https://www.marmosetbrain.org/section/16502
W6DR,https://www.marmosetbrain.org/section/16823
W6E,https://www.marmosetbrain.org/section/20090
W6F,https://www.marmosetbrain.org/section/20704
W6HL,https://www.marmosetbrain.org/section/16183
W6JL,https://www.marmosetbrain.org/section/15804
W6KL,https://www.marmosetbrain.org/section/16032
